Year,Country,"Agriculture, value added (annual % growth)","Agriculture, value added (% of GDP)"
2007,China,3.514837223,10.28299697
2008,China,5.176732535,10.25089863
2009,China,3.995766076,9.786188981
2010,China,4.249363868,9.530192941
2011,China,4.173785697,9.434516062
2012,China,4.475164011,9.295189652
2013,China,3.812514017,9.059922416
2014,China,4.061352344,8.832724007
2015,China,0.902844094,8.562942661
2016,China,3,8.652487512
