Year,Country,"Agriculture, value added (annual % growth)","Agriculture, value added (% of GDP)"
2007,UK,-3.679675525,0.569321831
2008,UK,7.009050831,0.63339962
2009,UK,-5.959874498,0.550755262
2010,UK,-0.261451531,0.659355127
2011,UK,10.82101277,0.609946289
2012,UK,-7.219226126,0.603480247
2013,UK,0.509891809,0.65373164
2014,UK,12.22605519,0.639227201
2015,UK,1.220504914,0.592777078
2016,UK,-6.252233406,0.537102884
